{
  "S": 70258.99730530486,
  "r": 0.05,
  "q": 0.0,
  "v0": 0.3163155465180965,
  "kappa": 15.549891968552254,
  "theta": 0.2937184216588496,
  "sigma_v": 3.6505971212438935,
  "rho": -0.4078113871198933,
  "lam": 0.033763783224609906,
  "mu_j": 0.4721204892891912,
  "sigma_j": 0.01,
  "calibration_source": "implied",
  "calibrated_at": "2026-03-12T21:02:20Z"
}