{
  "S": 74179.20039945867,
  "r": 0.05,
  "q": 0.0,
  "v0": 0.3128249040517711,
  "kappa": 20.0,
  "theta": 0.2748441925410975,
  "sigma_v": 4.762156757197002,
  "rho": -0.39911332881974254,
  "lam": 0.020151406117649557,
  "mu_j": 0.5,
  "sigma_j": 0.3513157396403179,
  "calibration_source": "implied",
  "calibrated_at": "2026-03-17T15:21:36Z"
}