{
  "S": 71687.7314059849,
  "r": 0.05,
  "q": 0.0,
  "v0": 0.22357992747189703,
  "kappa": 19.761911711599556,
  "theta": 0.2393880149547473,
  "sigma_v": 4.307897807760229,
  "rho": -0.3769384083374027,
  "lam": 0.05765653705010066,
  "mu_j": 0.25952472607401716,
  "sigma_j": 0.01,
  "calibration_source": "implied",
  "calibrated_at": "2026-04-12T06:35:06Z"
}