{
  "S": 74023.9666222444,
  "r": 0.05,
  "q": 0.0,
  "v0": 0.32575887440674567,
  "kappa": 19.999049757850933,
  "theta": 0.2768828370862062,
  "sigma_v": 4.990207917908526,
  "rho": -0.42880646411452955,
  "lam": 0.1805253115632084,
  "mu_j": 0.1977388722414496,
  "sigma_j": 0.15610697410361898,
  "calibration_source": "implied",
  "calibrated_at": "2026-03-16T20:33:04Z"
}