{
  "S": 71104.56873075175,
  "r": 0.05,
  "q": 0.0,
  "v0": 0.2763891234246152,
  "kappa": 15.768999541042302,
  "theta": 0.20220363750818307,
  "sigma_v": 2.8468598072922355,
  "rho": -0.3002948888218579,
  "lam": 0.7261072620763462,
  "mu_j": -0.19124592838879984,
  "sigma_j": 0.29808477913010945,
  "calibration_source": "implied",
  "calibrated_at": "2026-03-18T22:51:34Z"
}