{
  "S": 73738.98543770325,
  "r": 0.05,
  "q": 0.0,
  "v0": 0.29844360949222504,
  "kappa": 20.0,
  "theta": 0.20639827390663562,
  "sigma_v": 3.8917904661618588,
  "rho": -0.33556345929088344,
  "lam": 1.1661288906220397,
  "mu_j": -0.10207315775327998,
  "sigma_j": 0.22420275147250515,
  "calibration_source": "implied",
  "calibrated_at": "2026-03-16T17:33:23Z"
}