{
  "S": 70601.9930737724,
  "r": 0.05,
  "q": 0.0,
  "v0": 0.31110354786205185,
  "kappa": 20.0,
  "theta": 0.20068117561891344,
  "sigma_v": 2.9887861913369984,
  "rho": -0.3340273148233226,
  "lam": 0.5505558214171982,
  "mu_j": -0.21834586084313218,
  "sigma_j": 0.3736840676607813,
  "calibration_source": "implied",
  "calibrated_at": "2026-03-14T17:55:13Z"
}