{
  "S": 71679.82020024979,
  "r": 0.05,
  "q": 0.0,
  "v0": 0.2270492913158185,
  "kappa": 20.0,
  "theta": 0.24085399454951156,
  "sigma_v": 4.446346347150429,
  "rho": -0.3834099439105218,
  "lam": 0.0589785369715739,
  "mu_j": 0.2580315267741575,
  "sigma_j": 0.01,
  "calibration_source": "implied",
  "calibrated_at": "2026-04-12T05:40:36Z"
}