{
  "S": 71733.44740059992,
  "r": 0.05,
  "q": 0.0,
  "v0": 0.22078165435806918,
  "kappa": 18.64943911007738,
  "theta": 0.23976867193416823,
  "sigma_v": 4.256788139614837,
  "rho": -0.38277768592778777,
  "lam": 0.07485885413991328,
  "mu_j": 0.24971671086401487,
  "sigma_j": 0.01,
  "calibration_source": "implied",
  "calibrated_at": "2026-04-12T07:40:33Z"
}