{
  "S": 66924.63334270546,
  "r": 0.05,
  "q": 0.0,
  "v0": 0.4215085807121974,
  "kappa": 15.204352310033796,
  "theta": 0.2820946080565515,
  "sigma_v": 3.599169683954071,
  "rho": -0.4498024434754458,
  "lam": 0.10818022818923712,
  "mu_j": 0.2960037607907031,
  "sigma_j": 0.01,
  "calibration_source": "implied",
  "calibrated_at": "2026-03-08T03:06:09Z"
}