{
  "S": 67509.43999989305,
  "r": 0.05,
  "q": 0.0,
  "v0": 0.17577927891549205,
  "kappa": 12.714519948589677,
  "theta": 0.1601431530533716,
  "sigma_v": 5.0,
  "rho": -0.25440095806487845,
  "lam": 15.329177386965867,
  "mu_j": -0.02459453877715117,
  "sigma_j": 0.0840567166281656,
  "calibration_source": "historical-implied",
  "calibrated_at": "2026-02-26T23:59:59Z"
}