{
  "S": 65989.09999989545,
  "r": 0.05,
  "q": 0.0,
  "v0": 0.42650252630174273,
  "kappa": 8.866662129756833,
  "theta": 0.32856941909755544,
  "sigma_v": 5.0,
  "rho": -0.9007518155900412,
  "lam": 20.0,
  "mu_j": 0.015605697420756365,
  "sigma_j": 0.07701787087029136,
  "calibration_source": "historical-implied",
  "calibrated_at": "2026-03-08T23:59:59Z"
}