{
  "S": 71506.3499998867,
  "r": 0.05,
  "q": 0.0,
  "v0": 0.15332412376354893,
  "kappa": 10.527819981323145,
  "theta": 0.07781582105187242,
  "sigma_v": 3.1255073692815825,
  "rho": -0.2545250843145862,
  "lam": 14.335810630218415,
  "mu_j": -0.036679458850361855,
  "sigma_j": 0.11486590797740587,
  "calibration_source": "historical-implied",
  "calibrated_at": "2026-03-11T23:59:59Z"
}