{
  "S": 65688.25999989592,
  "r": 0.05,
  "q": 0.0,
  "v0": 0.3482562563200927,
  "kappa": 12.724302529251956,
  "theta": 0.29924429116293766,
  "sigma_v": 5.0,
  "rho": -0.5966469338117569,
  "lam": 3.7269025072253106,
  "mu_j": 0.0664558505454899,
  "sigma_j": 0.09845568991120023,
  "calibration_source": "historical-implied",
  "calibrated_at": "2026-03-01T23:59:59Z"
}