{
  "S": 68207.90999989194,
  "r": 0.05,
  "q": 0.0,
  "v0": 0.2660348981799046,
  "kappa": 20.0,
  "theta": 0.08782573478595108,
  "sigma_v": 1.1252963295264904,
  "rho": -0.99,
  "lam": 10.28195285466916,
  "mu_j": -0.02662936571013159,
  "sigma_j": 0.13006818776049592,
  "calibration_source": "historical-implied",
  "calibrated_at": "2026-03-07T23:59:59Z"
}