{
  "S": 65558.42999989612,
  "r": 0.05,
  "q": 0.0,
  "v0": 0.1957022017757802,
  "kappa": 8.30982946766632,
  "theta": 0.21910013146087257,
  "sigma_v": 4.867783373811428,
  "rho": -0.29069484242648463,
  "lam": 7.904991070944078,
  "mu_j": -0.11047344910308371,
  "sigma_j": 0.01,
  "calibration_source": "historical-implied",
  "calibrated_at": "2026-02-27T23:59:59Z"
}