{
  "S": 73649.6199998833,
  "r": 0.05,
  "q": 0.0,
  "v0": 0.23668480634459854,
  "kappa": 12.530545163071727,
  "theta": 0.15229130649902603,
  "sigma_v": 1.7110521780291228,
  "rho": -0.9772097024053225,
  "lam": 7.037773604961938,
  "mu_j": 0.0014031310035500164,
  "sigma_j": 0.13950433293764786,
  "calibration_source": "historical-implied",
  "calibrated_at": "2026-03-05T23:59:59Z"
}