{
  "S": 65982.70999989547,
  "r": 0.05,
  "q": 0.0,
  "v0": 0.13280841998879386,
  "kappa": 20.0,
  "theta": 0.03837940235380473,
  "sigma_v": 0.2811672511402596,
  "rho": 0.99,
  "lam": 20.0,
  "mu_j": 0.08183134074455331,
  "sigma_j": 0.01,
  "calibration_source": "historical-implied",
  "calibrated_at": "2026-02-28T23:59:59Z"
}