{
  "S": 65740.25999989583,
  "r": 0.05,
  "q": 0.0,
  "v0": 0.2281190465698795,
  "kappa": 20.0,
  "theta": 0.10659410192702568,
  "sigma_v": 5.0,
  "rho": -0.021091032519462042,
  "lam": 20.0,
  "mu_j": -0.07275153262066746,
  "sigma_j": 0.01,
  "calibration_source": "historical-implied",
  "calibrated_at": "2026-03-02T23:59:59Z"
}