{
  "S": 68402.11999989161,
  "r": 0.05,
  "q": 0.0,
  "v0": 0.22682962477202917,
  "kappa": 8.808978469357404,
  "theta": 0.17064716050739834,
  "sigma_v": 3.4708724356085265,
  "rho": -0.05701137692284149,
  "lam": 20.0,
  "mu_j": -0.0678949991215204,
  "sigma_j": 0.01,
  "calibration_source": "historical-implied",
  "calibrated_at": "2026-03-04T23:59:59Z"
}