{
  "S": 65738.64999989583,
  "r": 0.05,
  "q": 0.0,
  "v0": 0.36178684672822675,
  "kappa": 17.632996844828238,
  "theta": 0.2848665818664984,
  "sigma_v": 5.0,
  "rho": -0.41177009449042984,
  "lam": 0.17265232008109174,
  "mu_j": 0.2969122260235655,
  "sigma_j": 0.01,
  "calibration_source": "historical-implied",
  "calibrated_at": "2026-03-03T23:59:59Z"
}