{
  "S": 68300.66999989178,
  "r": 0.05,
  "q": 0.0,
  "v0": 0.19138749323600146,
  "kappa": 8.518412600262756,
  "theta": 0.0001,
  "sigma_v": 2.3842116138113574,
  "rho": -0.36024520732184184,
  "lam": 3.966369296391392,
  "mu_j": -0.09638557907506773,
  "sigma_j": 0.21863713958853712,
  "calibration_source": "historical-implied",
  "calibrated_at": "2026-02-25T23:59:59Z"
}