{
  "S": 68902.13999989083,
  "r": 0.05,
  "q": 0.0,
  "v0": 0.1934915569000242,
  "kappa": 16.78143421215251,
  "theta": 0.07069706090569783,
  "sigma_v": 0.5717510117899546,
  "rho": -0.7329579472057809,
  "lam": 12.070302224188712,
  "mu_j": -0.02923352686395172,
  "sigma_j": 0.1216225764073873,
  "calibration_source": "historical-implied",
  "calibrated_at": "2026-03-06T23:59:59Z"
}