{
  "S": 68524.95999989143,
  "r": 0.05,
  "q": 0.0,
  "v0": 0.2890596573335304,
  "kappa": 8.863796708197924,
  "theta": 0.2591989367401949,
  "sigma_v": 2.3396818959715926,
  "rho": -0.4970490368952476,
  "lam": 2.610717027542949,
  "mu_j": 0.09181055755804585,
  "sigma_j": 0.06178648607940106,
  "calibration_source": "historical-implied",
  "calibrated_at": "2026-03-09T23:59:59Z"
}