{
  "S": 63997.6299998986,
  "r": 0.05,
  "q": 0.0,
  "v0": 0.25456613726815475,
  "kappa": 3.556640941414695,
  "theta": 0.34213757380969234,
  "sigma_v": 1.7232904067650925,
  "rho": -0.7087809188167593,
  "lam": 0.46010070607391174,
  "mu_j": 0.18893705895989174,
  "sigma_j": 0.11846013968641533,
  "calibration_source": "historical-implied",
  "calibrated_at": "2026-02-24T23:59:59Z"
}