{
  "S": 70345.70999988855,
  "r": 0.05,
  "q": 0.0,
  "v0": 0.3923309265525129,
  "kappa": 20.0,
  "theta": 0.148665659420188,
  "sigma_v": 5.0,
  "rho": -0.99,
  "lam": 20.0,
  "mu_j": -0.0011192783158099312,
  "sigma_j": 0.08513726991011371,
  "calibration_source": "historical-implied",
  "calibrated_at": "2026-03-10T23:59:59Z"
}